busRoute	departure1	departure2	dayType	company	interval	oneWay	serviceDate	line	startingPoint1-1	startingPoint1-2	startingPoint2-1	startingPoint2-2	startingPoint3-1	startingPoint3-2	startingPoint4-1	startingPoint4-2	startingPoint5-1	startingPoint5-2	startingPoint6-1	startingPoint6-2	startingPoint7-1	startingPoint7-2	startingPoint8-1	startingPoint8-2	startingPoint9-1	startingPoint9-2	startingPoint10-1	startingPoint10-2	note
급행1번	원내차고지	신안동	평일	경익(☎ 581-1511) 	8	0:48	2022.10.14.		원내동	신안동	원내동	신안동	원내동	신안동	원내동	신안동	원내동	신안동	원내동	신안동	원내동	신안동	원내동	신안동					
급행1번	원내차고지	신안동	평일	경익(☎ 581-1511) 	8	0:48	2022.10.14.	1		5:45	7:30	8:19	9:27	10:15	11:56	12:44													
급행1번	원내차고지	신안동	평일	경익(☎ 581-1511) 	8	0:48	2022.10.14.	2	가수원 5:25	5:54	7:35	8:24	9:36	10:24	12:03	12:51	14:04	14:53	16:16	17:05	18:40	19:28	21:04	21:50					
급행1번	원내차고지	신안동	평일	경익(☎ 581-1511) 	8	0:48	2022.10.14.	3	5:25	6:03	7:40	8:29	9:45	10:33	12:10	12:58	14:14	15:03	16:25	17:14	18:49	19:37	21:13	21:58					
급행1번	원내차고지	신안동	평일	경익(☎ 581-1511) 	8	0:48	2022.10.14.	4	5:33	6:12	7:45	8:34	9:54	10:42	12:17	13:05	14:23	15:12	16:34	17:23	18:58	19:46	21:22	22:06					
급행1번	원내차고지	신안동	평일	경익(☎ 581-1511) 	8	0:48	2022.10.14.	5	5:41	6:21	7:50	8:39	10:03	10:51	12:24	13:12	14:31	15:20	16:43	17:32	19:07	19:55	21:31	22:14					
급행1번	원내차고지	신안동	평일	경익(☎ 581-1511) 	8	0:48	2022.10.14.	6	5:49	6:30	7:55	8:44	10:12	11:00	12:31	13:19	14:39	15:28	16:52	17:41	19:16	20:04	21:40	22:22					
급행1번	원내차고지	신안동	평일	경익(☎ 581-1511) 	8	0:48	2022.10.14.	7	5:57	6:39	8:01	8:50	10:21	11:09	12:38	13:26	14:47	15:36	17:01	17:50	19:25	20:13	21:49	22:30					
급행1번	원내차고지	신안동	평일	경익(☎ 581-1511) 	8	0:48	2022.10.14.	8	6:05	6:48	8:07	8:56	10:29	11:17	12:45	13:33	14:55	15:44	17:10	17:59	19:34	20:22	21:58	22:38					
급행1번	원내차고지	신안동	평일	경익(☎ 581-1511) 	8	0:48	2022.10.14.	9	6:13	6:57	8:13	9:02	10:37	11:25	12:52	13:40	15:03	15:52	17:19	18:08	19:43	20:31	22:07	22:46					
급행1번	원내차고지	신안동	평일	경익(☎ 581-1511) 	8	0:48	2022.10.14.	10	6:21	7:06	8:19	9:08	10:45	11:33	12:59	13:47	15:11	16:00	17:28	18:17	19:52	20:40	22:16	22:54					
급행1번	원내차고지	신안동	평일	경익(☎ 581-1511) 	8	0:48	2022.10.14.	11	6:29	7:14	8:24	9:13	10:53	11:41	13:06	13:54	15:19	16:08	17:37	18:26	20:01	20:49	22:25	23:02					
급행1번	원내차고지	신안동	평일	경익(☎ 581-1511) 	8	0:48	2022.10.14.	12	6:37	7:22	8:31	9:20	11:01	11:49	13:13	14:01	15:27	16:16	17:46	18:35	20:10	20:58	22:35	23:10					
급행1번	원내차고지	신안동	평일	경익(☎ 581-1511) 	8	0:48	2022.10.14.	13	6:45	7:30	8:39	9:28	11:09	11:57	13:20	14:08													
급행1번	원내차고지	신안동	평일	경익(☎ 581-1511) 	8	0:48	2022.10.14.	14	6:53	7:38	8:47	9:36	11:17	12:05	13:27	14:15	15:35	16:24	17:55	18:44	20:19	21:07							
급행1번	원내차고지	신안동	평일	경익(☎ 581-1511) 	8	0:48	2022.10.14.	15	7:01	7:46	8:55	9:44	11:25	12:13	13:34	14:22	15:43	16:32	18:04	18:53	20:28	21:15							
급행1번	원내차고지	신안동	평일	경익(☎ 581-1511) 	8	0:48	2022.10.14.	16	7:09	7:54	9:03	9:52	11:33	12:21	13:41	14:29	15:51	16:40	18:13	19:02	20:37	21:24							
급행1번	원내차고지	신안동	평일	경익(☎ 581-1511) 	8	0:48	2022.10.14.	17	7:17	8:02	9:11	10:00	11:41	12:29	13:48	14:36	15:59	16:48	18:22	19:11	20:46	21:33							
급행1번	원내차고지	신안동	평일	경익(☎ 581-1511) 	8	0:48	2022.10.14.	18	7:24	8:10	9:19	10:08	11:49	12:37	13:55	14:43	16:07	16:56	18:31	19:20	20:55	21:42							
급행1번	원내차고지	신안동	휴일	경익(☎ 581-1511) 	10	0:48	2022.03.28.		원내동	신안동	원내동	신안동	원내동	신안동	원내동	신안동	원내동	신안동	원내동	신안동	원내동	신안동	원내동	신안동					
급행1번	원내차고지	신안동	휴일	경익(☎ 581-1511) 	10	0:48	2022.03.28.	1		5:45	7:16	8:03	9:31	10:18	11:46	12:33	14:09	14:56	16:32	17:19	18:53	19:40	21:03	21:50					
급행1번	원내차고지	신안동	휴일	경익(☎ 581-1511) 	10	0:48	2022.03.28.	2	가수원 5:25	5:58	7:27	8:14	9:42	10:29	11:57	12:44	14:20	15:07	16:43	17:30	19:03	19:50	21:13	22:00					
급행1번	원내차고지	신안동	휴일	경익(☎ 581-1511) 	10	0:48	2022.03.28.	3	5:25	6:11	7:38	8:25	9:53	10:40	12:08	12:55	14:31	15:18	16:54	17:41	19:13	20:00	21:23	22:10					
급행1번	원내차고지	신안동	휴일	경익(☎ 581-1511) 	10	0:48	2022.03.28.	4	5:35	6:22	7:49	8:36	10:04	10:51	12:19	13:06	14:42	15:29	17:05	17:52	19:23	20:10	21:33	22:20					
급행1번	원내차고지	신안동	휴일	경익(☎ 581-1511) 	10	0:48	2022.03.28.	5	5:45	6:32	8:00	8:47	10:15	11:02	12:30	13:17	14:53	15:40	17:16	18:03	19:33	20:20	21:43	22:30					
급행1번	원내차고지	신안동	휴일	경익(☎ 581-1511) 	10	0:48	2022.03.28.	6	5:55	6:42	8:10	8:57	10:25	11:12	12:41	13:28	15:04	15:51	17:27	18:14	19:43	20:30	21:53	22:40					
급행1번	원내차고지	신안동	휴일	경익(☎ 581-1511) 	10	0:48	2022.03.28.	7	6:05	6:52	8:20	9:07	10:35	11:22	12:52	13:39	15:15	16:02	17:38	18:25	19:53	20:40	22:03	22:50					
급행1번	원내차고지	신안동	휴일	경익(☎ 581-1511) 	10	0:48	2022.03.28.	8	6:15	7:02	8:30	9:17	10:45	11:32	13:03	13:50	15:26	16:13	17:49	18:36	20:03	20:50	22:13	23:00					
급행1번	원내차고지	신안동	휴일	경익(☎ 581-1511) 	10	0:48	2022.03.28.	9	6:25	7:12	8:40	9:27	10:55	11:42	13:14	14:01	15:37	16:24	18:00	18:47	20:13	21:00	22:24	23:10					
급행1번	원내차고지	신안동	휴일	경익(☎ 581-1511) 	10	0:48	2022.03.28.	10	6:35	7:22	8:50	9:37	11:05	11:52	13:25	14:12	15:48	16:35	18:11	18:58	20:23	21:10	22:35						
급행1번	원내차고지	신안동	휴일	경익(☎ 581-1511) 	10	0:48	2022.03.28.	11	6:45	7:32	9:00	9:47	11:15	12:02	13:36	14:23	15:59	16:46	18:22	19:09	20:33	21:20							
급행1번	원내차고지	신안동	휴일	경익(☎ 581-1511) 	10	0:48	2022.03.28.	12	6:55	7:42	9:10	9:57	11:25	12:12	13:47	14:34	16:10	16:57	18:33	19:20	20:43	21:30							
급행1번	원내차고지	신안동	휴일	경익(☎ 581-1511) 	10	0:48	2022.03.28.	13	7:05	7:52	9:20	10:07	11:35	12:22	13:58	14:45	16:21	17:08	18:43	19:30	20:53	21:40							
급행1번	원내차고지	신안동	토요일	경익(☎ 581-1511) 	9	0:48	2022.01.07.		원내동	신안동	원내동	신안동	원내동	신안동	원내동	신안동	원내동	신안동	원내동	신안동	원내동	신안동	원내동	신안동					
급행1번	원내차고지	신안동	토요일	경익(☎ 581-1511) 	9	0:48	2022.01.07.	1		5:45	7:24	8:08	9:39	10:28	11:55	12:44	14:10	14:59	16:25	17:14	18:40	19:29	20:56	21:40					
급행1번	원내차고지	신안동	토요일	경익(☎ 581-1511) 	9	0:48	2022.01.07.	2	가수원 5:25	5:54	7:33	8:18	9:48	10:37	12:04	12:53	14:19	15:08	16:34	17:23	18:49	19:38	21:06	21:49					
급행1번	원내차고지	신안동	토요일	경익(☎ 581-1511) 	9	0:48	2022.01.07.	3	5:25	6:04	7:42	8:28	9:57	10:46	12:13	13:02	14:28	15:17	16:43	17:32	18:58	19:47	21:16	21:58					
급행1번	원내차고지	신안동	토요일	경익(☎ 581-1511) 	9	0:48	2022.01.07.	4	5:35	6:14	7:51	8:38	10:06	10:55	12:22	13:11	14:37	15:26	16:52	17:41	19:07	19:56	21:26	22:07					
급행1번	원내차고지	신안동	토요일	경익(☎ 581-1511) 	9	0:48	2022.01.07.	5	5:45	6:24	8:00	8:48	10:15	11:04	12:31	13:20	14:46	15:35	17:01	17:50	19:16	20:05	21:36	22:16					
급행1번	원내차고지	신안동	토요일	경익(☎ 581-1511) 	9	0:48	2022.01.07.	6	5:54	6:34	8:09	8:57	10:24	11:13	12:40	13:29	14:55	15:44	17:10	17:59	19:25	20:14	21:46	22:25					
급행1번	원내차고지	신안동	토요일	경익(☎ 581-1511) 	9	0:48	2022.01.07.	7	6:03	6:44	8:18	9:06	10:33	11:22	12:49	13:38	15:04	15:53	17:19	18:08	19:34	20:23	21:56	22:34					
급행1번	원내차고지	신안동	토요일	경익(☎ 581-1511) 	9	0:48	2022.01.07.	8	6:12	6:54	8:27	9:15	10:42	11:31	12:58	13:47	15:13	16:02	17:28	18:17	19:43	20:32	22:06	22:43					
급행1번	원내차고지	신안동	토요일	경익(☎ 581-1511) 	9	0:48	2022.01.07.	9	6:21	7:04	8:36	9:24	10:51	11:40	13:07	13:56	15:22	16:11	17:37	18:26	19:52	20:41	22:16	22:52					
급행1번	원내차고지	신안동	토요일	경익(☎ 581-1511) 	9	0:48	2022.01.07.	10	6:30	7:13	8:45	9:33	11:00	11:49	13:16	14:05	15:31	16:20	17:46	18:35	20:01	20:50	22:26	23:01					
급행1번	원내차고지	신안동	토요일	경익(☎ 581-1511) 	9	0:48	2022.01.07.	11	6:39	7:22	8:54	9:42	11:09	11:58	13:25	14:14	15:40	16:29	17:55	18:44	20:10	20:58	22:35	23:10					
급행1번	원내차고지	신안동	토요일	경익(☎ 581-1511) 	9	0:48	2022.01.07.	12	6:48	7:31	9:03	9:51	11:18	12:07	13:34	14:23	15:49	16:38	18:04	18:53	20:19	21:06							
급행1번	원내차고지	신안동	토요일	경익(☎ 581-1511) 	9	0:48	2022.01.07.	13	6:57	7:40	9:12	10:00	11:27	12:16	13:43	14:32	15:58	16:47	18:13	19:02	20:28	21:14							
급행1번	원내차고지	신안동	토요일	경익(☎ 581-1511) 	9	0:48	2022.01.07.	14	7:06	7:49	9:21	10:09	11:36	12:25	13:52	14:41	16:07	16:56	18:22	19:11	20:37	21:22							
급행1번	원내차고지	신안동	토요일	경익(☎ 581-1511) 	9	0:48	2022.01.07.	15	7:15	7:58	9:30	10:18	11:45	12:34	14:01	14:50	16:16	17:05	18:31	19:20	20:46	21:30							
급행2번	봉산동	옥계동	평일	협진(☎ 936-7961) 	8	1:33	2022.03.28.		봉산동	옥계동	봉산동	옥계동	봉산동	옥계동	봉산동	옥계동	봉산동	옥계동	봉산동										저상 14대 순환
급행2번	봉산동	옥계동	평일	협진(☎ 936-7961) 	8	1:33	2022.03.28.	1		대전 5:45	7:30	9:16	11:34	13:14															
급행2번	봉산동	옥계동	평일	협진(☎ 936-7961) 	8	1:33	2022.03.28.	2		부사4 5:45	7:37	9:25	11:42	13:22															
급행2번	봉산동	옥계동	평일	협진(☎ 936-7961) 	8	1:33	2022.03.28.	3		5:45	7:44	9:32	11:50	13:30	15:37	17:19	19:35	21:10											
급행2번	봉산동	옥계동	평일	협진(☎ 936-7961) 	8	1:33	2022.03.28.	4		5:55	7:52	9:40	11:58	13:38	15:46	17:28	19:45	21:19											
급행2번	봉산동	옥계동	평일	협진(☎ 936-7961) 	8	1:33	2022.03.28.	5		6:05	8:02	9:48	12:06	13:46	15:55	17:37	19:55	21:29											
급행2번	봉산동	옥계동	평일	협진(☎ 936-7961) 	8	1:33	2022.03.28.	6		6:15	8:12	9:56	12:14	13:54	16:04	17:47	20:05	21:39											
급행2번	봉산동	옥계동	평일	협진(☎ 936-7961) 	8	1:33	2022.03.28.	7		6:25	8:22	10:04	12:22	14:02	16:13	17:57	20:15	21:49											
급행2번	봉산동	옥계동	평일	협진(☎ 936-7961) 	8	1:33	2022.03.28.	8		6:35	8:32	10:14	12:30	14:10	16:22	18:07	20:25	21:58											
급행2번	봉산동	옥계동	평일	협진(☎ 936-7961) 	8	1:33	2022.03.28.	9		6:45	8:42	10:24	12:38	14:18	16:31	18:17	20:35	22:07											
급행2번	봉산동	옥계동	평일	협진(☎ 936-7961) 	8	1:33	2022.03.28.	10		6:53	8:52	10:34	12:46	14:26	16:39	18:27	20:45	22:16											
급행2번	봉산동	옥계동	평일	협진(☎ 936-7961) 	8	1:33	2022.03.28.	11		7:00	9:02	10:42	12:54	14:34															
급행2번	봉산동	옥계동	평일	협진(☎ 936-7961) 	8	1:33	2022.03.28.	12		7:07	9:10	10:50	13:02	14:42															
급행2번	봉산동	옥계동	평일	협진(☎ 936-7961) 	8	1:33	2022.03.28.	13	한마을A 5:45	7:14	9:18	10:58	13:10	14:50	16:47	18:37	20:55	22:25											
급행2번	봉산동	옥계동	평일	협진(☎ 936-7961) 	8	1:33	2022.03.28.	14	5:45	7:21	9:26	11:06	13:18	14:58	16:55	18:47	21:05	22:35											
급행2번	봉산동	옥계동	평일	협진(☎ 936-7961) 	8	1:33	2022.03.28.	15	5:52	7:28	9:34	11:14	13:26	15:06	17:05	18:57	21:15	22:45											
급행2번	봉산동	옥계동	평일	협진(☎ 936-7961) 	8	1:33	2022.03.28.	16	5:59	7:35	9:42	11:22	13:34	15:14	17:15	19:07	21:25	22:55											
급행2번	봉산동	옥계동	평일	협진(☎ 936-7961) 	8	1:33	2022.03.28.	17	6:06	7:42	9:50	11:30	13:42	15:22	17:25	19:17	21:34												
급행2번	봉산동	옥계동	평일	협진(☎ 936-7961) 	8	1:33	2022.03.28.	18	6:13	7:48	9:58	11:38	13:50	15:31	17:35	19:27	21:43												
급행2번	봉산동	옥계동	평일	협진(☎ 936-7961) 	8	1:33	2022.03.28.	19	6:20	7:54	10:06	11:46	13:58	15:40	17:45	19:35	21:52												
급행2번	봉산동	옥계동	평일	협진(☎ 936-7961) 	8	1:33	2022.03.28.	20	6:27	8:00	10:14	11:54	14:07	15:49	17:55	19:43	22:01												
급행2번	봉산동	옥계동	평일	협진(☎ 936-7961) 	8	1:33	2022.03.28.	21	6:34	8:08	10:22	12:02	14:16	15:58	18:05	19:51	22:10												
급행2번	봉산동	옥계동	평일	협진(☎ 936-7961) 	8	1:33	2022.03.28.	22	6:41	8:16	10:30	12:10	14:25	16:07	18:15	19:59	22:20												
급행2번	봉산동	옥계동	평일	협진(☎ 936-7961) 	8	1:33	2022.03.28.	23	6:47	8:24	10:38	12:18	14:34	16:16	18:25	20:07	22:30												
급행2번	봉산동	옥계동	평일	협진(☎ 936-7961) 	8	1:33	2022.03.28.	24	6:53	8:33	10:46	12:26	14:43	16:25	18:35	20:14													
급행2번	봉산동	옥계동	평일	협진(☎ 936-7961) 	8	1:33	2022.03.28.	25	6:59	8:42	10:54	12:34	14:52	16:34	18:45	20:21													
급행2번	봉산동	옥계동	평일	협진(☎ 936-7961) 	8	1:33	2022.03.28.	26	7:05	8:51	11:02	12:42	15:01	16:43	18:55	20:31													
급행2번	봉산동	옥계동	평일	협진(☎ 936-7961) 	8	1:33	2022.03.28.	27	7:11	8:57	11:10	12:50	15:10	16:52	19:05	20:41													
급행2번	봉산동	옥계동	평일	협진(☎ 936-7961) 	8	1:33	2022.03.28.	28	7:17	9:03	11:18	12:58	15:19	17:01	19:15	20:51													
급행2번	봉산동	옥계동	평일	협진(☎ 936-7961) 	8	1:33	2022.03.28.	29	7:23	9:09	11:26	13:06	15:28	17:10	19:25	21:01													
급행2번	봉산동	옥계동	휴일	협진(☎ 936-7961) 	10	1:33	2022.01.07.		봉산동	옥계동	봉산동	옥계동	봉산동	옥계동	봉산동	옥계동	봉산동	옥계동	봉산동										저상 11대 순환
급행2번	봉산동	옥계동	휴일	협진(☎ 936-7961) 	10	1:33	2022.01.07.	1		대전역 5:45	7:55	9:25	11:40	13:15	15:28	17:05	19:22	20:53											
급행2번	봉산동	옥계동	휴일	협진(☎ 936-7961) 	10	1:33	2022.01.07.	2		5:45	8:05	9:35	11:50	13:25	15:38	17:15	19:33	21:03											
급행2번	봉산동	옥계동	휴일	협진(☎ 936-7961) 	10	1:33	2022.01.07.	3		5:55	8:15	9:45	11:59	13:35	15:48	17:25	19:43	21:13											
급행2번	봉산동	옥계동	휴일	협진(☎ 936-7961) 	10	1:33	2022.01.07.	4		6:05	8:24	9:55	12:08	13:45	15:58	17:35	19:53	21:23											
급행2번	봉산동	옥계동	휴일	협진(☎ 936-7961) 	10	1:33	2022.01.07.	5		6:15	8:33	10:05	12:18	13:55	16:08	17:45	20:03	21:33											
급행2번	봉산동	옥계동	휴일	협진(☎ 936-7961) 	10	1:33	2022.01.07.	6		6:25	8:42	10:15	12:28	14:05	16:18	17:55	20:13	21:43											
급행2번	봉산동	옥계동	휴일	협진(☎ 936-7961) 	10	1:33	2022.01.07.	7		6:35	8:51	10:25	12:38	14:15	16:28	18:05	20:23	21:53											
급행2번	봉산동	옥계동	휴일	협진(☎ 936-7961) 	10	1:33	2022.01.07.	8		6:45	9:00	10:35	12:48	14:25	16:38	18:15	20:33	22:03											
급행2번	봉산동	옥계동	휴일	협진(☎ 936-7961) 	10	1:33	2022.01.07.	9		6:55	9:10	10:45	12:58	14:35	16:48	18:25	20:43	22:13											
급행2번	봉산동	옥계동	휴일	협진(☎ 936-7961) 	10	1:33	2022.01.07.	10	한마을A 5:45	7:05	9:20	10:55	13:08	14:45	16:58	18:34	20:53	22:23											
급행2번	봉산동	옥계동	휴일	협진(☎ 936-7961) 	10	1:33	2022.01.07.	11	5:45	7:15	9:30	11:05	13:18	14:55	17:08	18:43	21:03	22:33											
급행2번	봉산동	옥계동	휴일	협진(☎ 936-7961) 	10	1:33	2022.01.07.	12	5:55	7:25	9:40	11:15	13:28	15:05	17:18	18:53	21:14	22:44											
급행2번	봉산동	옥계동	휴일	협진(☎ 936-7961) 	10	1:33	2022.01.07.	13	6:05	7:35	9:50	11:25	13:38	15:15	17:28	19:03	21:25	22:55											
급행2번	봉산동	옥계동	휴일	협진(☎ 936-7961) 	10	1:33	2022.01.07.	14	6:15	7:45	10:00	11:35	13:48	15:25	17:38	19:13	21:36												
급행2번	봉산동	옥계동	휴일	협진(☎ 936-7961) 	10	1:33	2022.01.07.	15	6:25	7:55	10:10	11:45	13:58	15:35	17:48	19:23	21:47												
급행2번	봉산동	옥계동	휴일	협진(☎ 936-7961) 	10	1:33	2022.01.07.	16	6:35	8:05	10:20	11:55	14:08	15:45	17:58	19:33	21:58												
급행2번	봉산동	옥계동	휴일	협진(☎ 936-7961) 	10	1:33	2022.01.07.	17	6:45	8:15	10:30	12:05	14:18	15:55	18:08	19:43	22:09												
급행2번	봉산동	옥계동	휴일	협진(☎ 936-7961) 	10	1:33	2022.01.07.	18	6:55	8:25	10:40	12:15	14:28	16:05	18:18	19:53	22:20												
급행2번	봉산동	옥계동	휴일	협진(☎ 936-7961) 	10	1:33	2022.01.07.	19	7:05	8:35	10:50	12:25	14:38	16:15	18:28	20:03	22:30												
급행2번	봉산동	옥계동	휴일	협진(☎ 936-7961) 	10	1:33	2022.01.07.	20	7:15	8:45	11:00	12:35	14:48	16:25	18:38	20:13													
급행2번	봉산동	옥계동	휴일	협진(☎ 936-7961) 	10	1:33	2022.01.07.	21	7:25	8:55	11:10	12:45	14:58	16:35	18:49	20:23													
급행2번	봉산동	옥계동	휴일	협진(☎ 936-7961) 	10	1:33	2022.01.07.	22	7:35	9:05	11:20	12:55	15:08	16:45	19:00	20:33													
급행2번	봉산동	옥계동	휴일	협진(☎ 936-7961) 	10	1:33	2022.01.07.	23	7:45	9:15	11:30	13:05	15:18	16:55	19:11	20:43													
급행2번	봉산동	옥계동	토요일	협진(☎ 936-7961) 	9	1:33	2022.11.18.		봉산동	옥계동	봉산동	옥계동	봉산동	옥계동	봉산동	옥계동	봉산동	옥계동	봉산동										저상 13대 순환
급행2번	봉산동	옥계동	토요일	협진(☎ 936-7961) 	9	1:33	2022.11.18.	1		대전역 5:45	7:54	9:34	11:39	13:23	15:29	17:13	19:23	20:58											
급행2번	봉산동	옥계동	토요일	협진(☎ 936-7961) 	9	1:33	2022.11.18.	2		5:45	8:03	9:43	11:47	13:31	15:38	17:22	19:32	21:07											
급행2번	봉산동	옥계동	토요일	협진(☎ 936-7961) 	9	1:33	2022.11.18.	3		5:55	8:12	9:52	11:55	13:39	15:47	17:31	19:41	21:16											
급행2번	봉산동	옥계동	토요일	협진(☎ 936-7961) 	9	1:33	2022.11.18.	4		6:05	8:21	10:01	12:04	13:47	15:56	17:40	19:50	21:25											
급행2번	봉산동	옥계동	토요일	협진(☎ 936-7961) 	9	1:33	2022.11.18.	5		6:15	8:30	10:10	12:13	13:55	16:05	17:49	19:59	21:34											
급행2번	봉산동	옥계동	토요일	협진(☎ 936-7961) 	9	1:33	2022.11.18.	6		6:25	8:39	10:19	12:22	14:04	16:14	17:58	20:08	21:43											
급행2번	봉산동	옥계동	토요일	협진(☎ 936-7961) 	9	1:33	2022.11.18.	7		6:35	8:48	10:28	12:31	14:13	16:23	18:07	20:17	21:52											
급행2번	봉산동	옥계동	토요일	협진(☎ 936-7961) 	9	1:33	2022.11.18.	8		6:45	8:57	10:37	12:40	14:22	16:32	18:16	20:27	22:01											
급행2번	봉산동	옥계동	토요일	협진(☎ 936-7961) 	9	1:33	2022.11.18.	9		6:55	9:06	10:46	12:49	14:31	16:41	18:24	20:37	22:10											
급행2번	봉산동	옥계동	토요일	협진(☎ 936-7961) 	9	1:33	2022.11.18.	10	한마을A 5:45	7:05	9:15	10:55	12:58	14:40	16:50	18:32	20:47	22:19											
급행2번	봉산동	옥계동	토요일	협진(☎ 936-7961) 	9	1:33	2022.11.18.	11	5:45	7:15	9:24	11:04	13:07	14:49	16:59	18:41	20:57	22:28											
급행2번	봉산동	옥계동	토요일	협진(☎ 936-7961) 	9	1:33	2022.11.18.	12	5:53	7:23	9:33	11:13	13:16	14:58	17:08	18:50	21:07	22:37											
급행2번	봉산동	옥계동	토요일	협진(☎ 936-7961) 	9	1:33	2022.11.18.	13	6:01	7:31	9:42	11:22	13:25	15:07	17:17	18:59	21:17	22:46											
급행2번	봉산동	옥계동	토요일	협진(☎ 936-7961) 	9	1:33	2022.11.18.	14	6:09	7:39	9:51	11:31	13:34	15:16	17:26	19:08	21:27	22:55											
급행2번	봉산동	옥계동	토요일	협진(☎ 936-7961) 	9	1:33	2022.11.18.	15	6:17	7:47	10:00	11:40	13:43	15:25	17:35	19:17	21:36												
급행2번	봉산동	옥계동	토요일	협진(☎ 936-7961) 	9	1:33	2022.11.18.	16	6:25	7:55	10:09	11:49	13:52	15:34	17:44	19:25	21:45												
급행2번	봉산동	옥계동	토요일	협진(☎ 936-7961) 	9	1:33	2022.11.18.	17	6:33	8:04	10:18	11:58	14:01	15:43	17:53	19:33	21:54												
급행2번	봉산동	옥계동	토요일	협진(☎ 936-7961) 	9	1:33	2022.11.18.	18	6:41	8:13	10:27	12:07	14:10	15:52	18:02	19:41	22:03												
급행2번	봉산동	옥계동	토요일	협진(☎ 936-7961) 	9	1:33	2022.11.18.	19	6:49	8:22	10:35	12:16	14:19	16:01	18:11	19:49	22:12												
급행2번	봉산동	옥계동	토요일	협진(☎ 936-7961) 	9	1:33	2022.11.18.	20	6:57	8:31	10:43	12:25	14:28	16:10	18:20	19:57	22:21												
급행2번	봉산동	옥계동	토요일	협진(☎ 936-7961) 	9	1:33	2022.11.18.	21	7:05	8:40	10:51	12:34	14:37	16:19	18:29	20:05	22:30												
급행2번	봉산동	옥계동	토요일	협진(☎ 936-7961) 	9	1:33	2022.11.18.	22	7:13	8:49	10:59	12:43	14:46	16:28	18:38	20:13													
급행2번	봉산동	옥계동	토요일	협진(☎ 936-7961) 	9	1:33	2022.11.18.	23	7:21	8:58	11:07	12:51	14:54	16:37	18:47	20:22													
급행2번	봉산동	옥계동	토요일	협진(☎ 936-7961) 	9	1:33	2022.11.18.	24	7:29	9:07	11:15	12:59	15:02	16:46	18:56	20:31													
급행2번	봉산동	옥계동	토요일	협진(☎ 936-7961) 	9	1:33	2022.11.18.	25	7:37	9:16	11:23	13:07	15:11	16:55	19:05	20:40													
급행2번	봉산동	옥계동	토요일	협진(☎ 936-7961) 	9	1:33	2022.11.18.	26	7:45	9:25	11:31	13:15	15:20	17:04	19:14	20:49													
급행3번	원내동	정부청사	평일	경익(☎ 581-1511) 	10	0:44	2022.06.01.		원내동	청사	원내동	청사	원내동	청사	원내동	청사	원내동	청사	원내동	청사	원내동	청사	원내동	청사	원내동	청사			
급행3번	원내동	정부청사	평일	경익(☎ 581-1511) 	10	0:44	2022.06.01.	1			6:41	7:27	8:32	9:20	10:54	11:40	12:54	13:40	14:54	15:40	17:02	17:49	19:05	19:54	21:24	22:15			
급행3번	원내동	정부청사	평일	경익(☎ 581-1511) 	10	0:44	2022.06.01.	2			6:51	7:39	8:44	9:31	11:04	11:50	13:04	13:50	15:04	15:50	17:12	17:59	19:17	20:06	21:35	22:25			
급행3번	원내동	정부청사	평일	경익(☎ 581-1511) 	10	0:44	2022.06.01.	3			7:01	7:51	8:56	9:42	11:14	12:00	13:14	14:00	15:14	16:00	17:21	18:08	19:29	20:18	21:46	22:35			
급행3번	원내동	정부청사	평일	경익(☎ 581-1511) 	10	0:44	2022.06.01.	4		5:45	7:11	8:03	9:08	9:53	11:24	12:10	13:24	14:10	15:24	16:11	17:30	18:17	19:41	20:30	21:57	22:45			
급행3번	원내동	정부청사	평일	경익(☎ 581-1511) 	10	0:44	2022.06.01.	5		5:58	7:20	8:15	9:20	10:05	11:34	12:20	13:34	14:20	15:35	16:22	17:39	18:26	19:53	20:42	22:08	22:55			
급행3번	원내동	정부청사	평일	경익(☎ 581-1511) 	10	0:44	2022.06.01.	6	5:30	6:11	7:29	8:25	9:32	10:17	11:44	12:30	13:44	14:30	15:46	16:33	17:48	18:35	20:05	20:54	22:19	23:05			
급행3번	원내동	정부청사	평일	경익(☎ 581-1511) 	10	0:44	2022.06.01.	7	5:40	6:22	7:37	8:33	9:44	10:29	11:54	12:40	13:54	14:40	15:57	16:44	17:58	18:46	20:17	21:06	22:30	23:15			
급행3번	원내동	정부청사	평일	경익(☎ 581-1511) 	10	0:44	2022.06.01.	8	5:50	6:33	7:45	8:40	9:56	10:41	12:04	12:50	14:04	14:50	16:08	16:55	18:09	18:57	20:29	21:18	22:40				
급행3번	원내동	정부청사	평일	경익(☎ 581-1511) 	10	0:44	2022.06.01.	9	6:00	6:44	7:52	8:47	10:08	10:53	12:14	13:00	14:14	15:00	16:19	17:06	18:20	19:08	20:40	21:30					
급행3번	원내동	정부청사	평일	경익(☎ 581-1511) 	10	0:44	2022.06.01.	10	6:10	6:55	7:59	8:54	10:20	11:05	12:24	13:10	14:24	15:10	16:30	17:17	18:31	19:19	20:51	21:42					
급행3번	원내동	정부청사	평일	경익(☎ 581-1511) 	10	0:44	2022.06.01.	11	6:20	7:06	8:09	9:01	10:32	11:17	12:34	13:20	14:34	15:20	16:41	17:28	18:42	19:30	21:02	21:53					
급행3번	원내동	정부청사	평일	경익(☎ 581-1511) 	10	0:44	2022.06.01.	12	6:30	7:17	8:20	9:08	10:44	11:29	12:44	13:30	14:44	15:30	16:52	17:39	18:53	19:42	21:13	22:04					
급행3번	원내동	정부청사	휴,토	경익(☎ 581-1511) 	14	0:44	2022.03.28.		원내동	청사	원내동	청사	원내동	청사	원내동	청사	원내동	청사	원내동	청사	원내동	청사	원내동	청사	원내동	청사			
급행3번	원내동	정부청사	휴,토	경익(☎ 581-1511) 	14	0:44	2022.03.28.	1			6:36	7:18	8:42	9:29	10:56	11:43	13:09	13:56	15:15	16:03	17:21	18:10	19:27	20:16	21:30	22:19			
급행3번	원내동	정부청사	휴,토	경익(☎ 581-1511) 	14	0:44	2022.03.28.	2			6:50	7:33	8:57	9:44	11:10	11:57	13:23	14:10	15:29	16:18	17:35	18:24	19:41	20:29	21:44	22:33			
급행3번	원내동	정부청사	휴,토	경익(☎ 581-1511) 	14	0:44	2022.03.28.	3		5:45	7:04	7:48	9:12	9:59	11:25	12:12	13:37	14:24	15:43	16:32	17:49	18:38	19:55	20:42	21:58	22:47			
급행3번	원내동	정부청사	휴,토	경익(☎ 581-1511) 	14	0:44	2022.03.28.	4		5:58	7:18	8:03	9:27	10:14	11:40	12:27	13:51	14:38	15:57	16:46	18:03	18:52	20:09	20:55	22:12	23:01			
급행3번	원내동	정부청사	휴,토	경익(☎ 581-1511) 	14	0:44	2022.03.28.	5	5:30	6:11	7:32	8:18	9:42	10:29	11:55	12:42	14:05	14:52	16:11	17:00	18:17	19:06	20:22	21:09	22:26	23:15			
급행3번	원내동	정부청사	휴,토	경익(☎ 581-1511) 	14	0:44	2022.03.28.	6	5:43	6:24	7:46	8:33	9:57	10:44	12:10	12:57	14:19	15:06	16:25	17:14	18:31	19:20	20:35	21:23	22:40				
급행3번	원내동	정부청사	휴,토	경익(☎ 581-1511) 	14	0:44	2022.03.28.	7	5:56	6:37	8:00	8:47	10:12	10:59	12:25	13:12	14:33	15:20	16:39	17:28	18:45	19:34	20:48	21:37					
급행3번	원내동	정부청사	휴,토	경익(☎ 581-1511) 	14	0:44	2022.03.28.	8	6:09	6:50	8:14	9:01	10:27	11:14	12:40	13:27	14:47	15:34	16:53	17:42	18:59	19:48	21:02	21:51					
급행3번	원내동	정부청사	휴,토	경익(☎ 581-1511) 	14	0:44	2022.03.28.	9	6:22	7:03	8:28	9:15	10:42	11:29	12:55	13:42	15:01	15:48	17:07	17:56	19:13	20:02	21:16	22:05					
101번	안산동	대성여고	평일	국민(☎ 626-2169),금남(☎ 582-3527)	20	1:22	2022.03.28.		안산동	대성여고	안산동	대성여고	안산동	대성여고	안산동	대성여고	안산동	대성여고	안산동	대성여고									
101번	안산동	대성여고	평일	국민(☎ 626-2169),금남(☎ 582-3527)	20	1:22	2022.03.28.	1금남 저상		5:40	7:25	8:54	10:59	12:28	14:21	15:50	17:54	19:29	21:27										
101번	안산동	대성여고	평일	국민(☎ 626-2169),금남(☎ 582-3527)	20	1:22	2022.03.28.	2금남		5:58	7:45	9:15	11:19	12:48	14:43	16:12	18:15	19:50	21:48										
101번	안산동	대성여고	평일	국민(☎ 626-2169),금남(☎ 582-3527)	20	1:22	2022.03.28.	3금남 저상		6:16	8:06	9:36	11:39	13:08	15:05	16:34	18:36	20:10	22:09										
101번	안산동	대성여고	평일	국민(☎ 626-2169),금남(☎ 582-3527)	20	1:22	2022.03.28.	4금남		6:34	8:27	9:57	11:59	13:28	15:27	16:56	18:57	20:30	22:30										
101번	안산동	대성여고	평일	국민(☎ 626-2169),금남(☎ 582-3527)	20	1:22	2022.03.28.	5금남 저상	유성 5:45	6:52	8:49	10:18	12:19	13:48	15:48	17:18	19:19	20:50											
101번	안산동	대성여고	평일	국민(☎ 626-2169),금남(☎ 582-3527)	20	1:22	2022.03.28.	6국민	5:45	7:11	9:11	10:40	12:39	14:08	16:09	17:40	19:41	21:10											
101번	안산동	대성여고	평일	국민(☎ 626-2169),금남(☎ 582-3527)	20	1:22	2022.03.28.	7국민 저상	6:05	7:31	9:33	11:02	12:59	14:28	16:30	18:02	20:03	21:30											
101번	안산동	대성여고	평일	국민(☎ 626-2169),금남(☎ 582-3527)	20	1:22	2022.03.28.	8국민	6:25	7:51	9:55	11:24	13:19	14:48	16:51	18:24	20:24	21:50											
101번	안산동	대성여고	평일	국민(☎ 626-2169),금남(☎ 582-3527)	20	1:22	2022.03.28.	9국민 저상	6:45	8:12	10:17	11:46	13:39	15:08	17:12	18:46	20:45	22:10											
101번	안산동	대성여고	평일	국민(☎ 626-2169),금남(☎ 582-3527)	20	1:22	2022.03.28.	10 국민	7:05	8:33	10:39	12:08	13:59	15:28	17:33	19:08	21:06	22:30											
101번	안산동	대성여고	휴일	국민(☎ 626-2169),금남(☎ 582-3527)	25	1:22	2023.02.01.		안산동	대성여고	안산동	대성여고	안산동	대성여고	안산동	대성여고	안산동	대성여고	안산동	대성여고									도시형
101번	안산동	대성여고	휴일	국민(☎ 626-2169),금남(☎ 582-3527)	25	1:22	2023.02.01.	1금남		5:40	7:31	8:57	11:06	12:32	14:34	16:01	18:06	19:35	21:38										
101번	안산동	대성여고	휴일	국민(☎ 626-2169),금남(☎ 582-3527)	25	1:22	2023.02.01.	2금남		6:04	7:58	9:24	11:32	12:58	15:00	16:28	18:33	20:00	22:04										
101번	안산동	대성여고	휴일	국민(☎ 626-2169),금남(☎ 582-3527)	25	1:22	2023.02.01.	3금남 저상		6:28	8:25	9:51	11:58	13:24	15:26	16:55	19:00	20:25	22:30										
101번	안산동	대성여고	휴일	국민(☎ 626-2169),금남(☎ 582-3527)	25	1:22	2023.02.01.	4금남 저상	유성 5:45	6:52	8:52	10:18	12:24	13:50	15:52	17:22	19:27	20:50											
101번	안산동	대성여고	휴일	국민(☎ 626-2169),금남(☎ 582-3527)	25	1:22	2023.02.01.	5금성	5:45	7:16	9:19	10:45	12:50	14:16	16:18	17:49	19:54	21:15											
101번	안산동	대성여고	휴일	국민(☎ 626-2169),금남(☎ 582-3527)	25	1:22	2023.02.01.	6금성	6:12	7:40	9:46	11:12	13:16	14:42	16:45	18:16	20:20	21:40											
101번	안산동	대성여고	휴일	국민(☎ 626-2169),금남(☎ 582-3527)	25	1:22	2023.02.01.	7금성 저상	6:38	8:05	10:13	11:39	13:42	15:08	17:12	18:43	20:46	22:05											
101번	안산동	대성여고	휴일	국민(☎ 626-2169),금남(☎ 582-3527)	25	1:22	2023.02.01.	8금성	7:04	8:31	10:40	12:06	14:08	15:34	17:39	19:10	21:12	22:30											
101번	안산동	대성여고	토요일	국민(☎ 626-2169),금남(☎ 582-3527)	22	1:22	2023.02.01.		안산동	대성여고	안산동	대성여고	안산동	대성여고	안산동	대성여고	안산동	대성여고	안산동	대성여고									도시형
101번	안산동	대성여고	토요일	국민(☎ 626-2169),금남(☎ 582-3527)	22	1:22	2023.02.01.	1금남		5:40	7:21	8:49	10:50	12:19	14:21	15:50	17:52	19:25	21:24										
101번	안산동	대성여고	토요일	국민(☎ 626-2169),금남(☎ 582-3527)	22	1:22	2023.02.01.	2금남		5:59	7:45	9:13	11:14	12:43	14:45	16:14	18:16	19:48	21:46										
101번	안산동	대성여고	토요일	국민(☎ 626-2169),금남(☎ 582-3527)	22	1:22	2023.02.01.	3금남 저상		6:18	8:08	9:37	11:38	13:07	15:09	16:38	18:40	20:11	22:08										
101번	안산동	대성여고	토요일	국민(☎ 626-2169),금남(☎ 582-3527)	22	1:22	2023.02.01.	4금남 저상		6:37	8:31	10:00	12:02	13:31	15:33	17:02	19:04	20:34	22:30										
101번	안산동	대성여고	토요일	국민(☎ 626-2169),금남(☎ 582-3527)	22	1:22	2023.02.01.	5금남 저상	유성 5:45	6:56	8:54	10:23	12:25	13:54	15:56	17:26	19:28	20:57											
101번	안산동	대성여고	토요일	국민(☎ 626-2169),금남(☎ 582-3527)	22	1:22	2023.02.01.	6금성 저상	5:45	7:15	9:17	10:46	12:48	14:17	16:19	17:50	19:52	21:20											
101번	안산동	대성여고	토요일	국민(☎ 626-2169),금남(☎ 582-3527)	22	1:22	2023.02.01.	7금성	6:09	7:37	9:40	11:09	13:11	14:40	16:42	18:14	20:16	21:43											
101번	안산동	대성여고	토요일	국민(☎ 626-2169),금남(☎ 582-3527)	22	1:22	2023.02.01.	8금성 저상	6:33	8:01	10:03	11:32	13:34	15:03	17:05	18:38	20:39	22:06											
101번	안산동	대성여고	토요일	국민(☎ 626-2169),금남(☎ 582-3527)	22	1:22	2023.02.01.	9금성	6:57	8:25	10:26	11:55	13:57	15:26	17:28	19:02	21:02	22:30											
102번	수통골	대전역	평일	계룡(☎ 639-6800) 	7	1:22	2023.04.21.		수통골	대전역	수통골	대전역	수통골	대전역	수통골	대전역	수통골	대전역	수통골	대전역									
102번	수통골	대전역	평일	계룡(☎ 639-6800) 	7	1:22	2023.04.21.	1		신동아A 5:40	7:03	8:28	11:00	12:26	15:01	16:32	18:39	20:14	21:46										
102번	수통골	대전역	평일	계룡(☎ 639-6800) 	7	1:22	2023.04.21.	2 저상		복합TM 5:40	7:10	8:35	11:08	12:34	15:07	16:39	18:47	20:21	21:53										
102번	수통골	대전역	평일	계룡(☎ 639-6800) 	7	1:22	2023.04.21.	3		5:40	7:17	8:43	11:16	12:42															
102번	수통골	대전역	평일	계룡(☎ 639-6800) 	7	1:22	2023.04.21.	4		5:46	7:24	8:51	11:24	12:50	15:13	16:46	18:55	20:28	22:00										
102번	수통골	대전역	평일	계룡(☎ 639-6800) 	7	1:22	2023.04.21.	5		5:52	7:30	8:58	11:31	12:58	15:19	16:53	19:03	20:34	22:07										
102번	수통골	대전역	평일	계룡(☎ 639-6800) 	7	1:22	2023.04.21.	6 저상		5:58	7:36	9:05	11:38	13:06	15:26	17:00	19:11	20:40	22:14										
102번	수통골	대전역	평일	계룡(☎ 639-6800) 	7	1:22	2023.04.21.	7		6:04	7:43	9:11	11:45	13:14	15:33	17:07	19:19	20:46	22:21										
102번	수통골	대전역	평일	계룡(☎ 639-6800) 	7	1:22	2023.04.21.	8		6:10	7:50	9:17	11:52	13:22	15:40	17:14	19:27	20:52	22:28										
102번	수통골	대전역	평일	계룡(☎ 639-6800) 	7	1:22	2023.04.21.	9		6:16	7:57	9:24	11:59	13:30	15:47	17:21	19:35	20:58	22:35										
102번	수통골	대전역	평일	계룡(☎ 639-6800) 	7	1:22	2023.04.21.	10		6:22	8:04	9:30	12:05	13:38	15:54	17:29	19:43	21:04											
102번	수통골	대전역	평일	계룡(☎ 639-6800) 	7	1:22	2023.04.21.	11		6:29	8:11	9:36	12:12	13:46	16:01	17:36	19:50	21:11											
102번	수통골	대전역	평일	계룡(☎ 639-6800) 	7	1:22	2023.04.21.	12 저상		6:36	8:18	9:43	12:19	13:54	16:08	17:43	19:56	21:18											
102번	수통골	대전역	평일	계룡(☎ 639-6800) 	7	1:22	2023.04.21.	13		6:43	8:25	9:50	12:26	14:02	16:15	17:50	20:02	21:25											
102번	수통골	대전역	평일	계룡(☎ 639-6800) 	7	1:22	2023.04.21.	14		6:50	8:32	9:57	12:33	14:11	16:22	17:57	20:08	21:32											
102번	수통골	대전역	평일	계룡(☎ 639-6800) 	7	1:22	2023.04.21.	15		6:57	8:39	10:04	12:40	14:20	16:29	18:05	20:14	21:39											
102번	수통골	대전역	평일	계룡(☎ 639-6800) 	7	1:22	2023.04.21.	16	갈마역 5:40	7:03	8:46	10:11	12:47	14:29	16:36	18:13	20:19	21:46											
102번	수통골	대전역	평일	계룡(☎ 639-6800) 	7	1:22	2023.04.21.	17 저상	5:40	7:09	8:53	10:18	12:54	14:38	16:43	18:20	20:24	21:53											
102번	수통골	대전역	평일	계룡(☎ 639-6800) 	7	1:22	2023.04.21.	18	5:45	7:15	9:01	10:26	13:02																
102번	수통골	대전역	평일	계룡(☎ 639-6800) 	7	1:22	2023.04.21.	19	5:50	7:20	9:09	10:34	13:10																
102번	수통골	대전역	평일	계룡(☎ 639-6800) 	7	1:22	2023.04.21.	20	5:56	7:24	9:17	10:42	13:18	14:47	16:52	18:29	20:29	22:00											
102번	수통골	대전역	평일	계룡(☎ 639-6800) 	7	1:22	2023.04.21.	21	6:02	7:28	9:25	10:50	13:26	14:55	17:01	18:38	20:34	22:07											
102번	수통골	대전역	평일	계룡(☎ 639-6800) 	7	1:22	2023.04.21.	22 저상	6:08	7:32	9:33	10:58	13:34	15:03	17:09	18:46	20:39	22:14											
102번	수통골	대전역	평일	계룡(☎ 639-6800) 	7	1:22	2023.04.21.	23	6:13	7:36	9:41	11:06	13:42	15:11	17:17	18:54	20:44	22:21											
102번	수통골	대전역	평일	계룡(☎ 639-6800) 	7	1:22	2023.04.21.	24	6:18	7:40	9:49	11:14	13:50	15:19	17:25	19:02	20:49	22:28											
102번	수통골	대전역	평일	계룡(☎ 639-6800) 	7	1:22	2023.04.21.	25	6:23	7:45	9:57	11:22	13:58	15:27	17:33	19:10	20:54	22:35											
102번	수통골	대전역	평일	계룡(☎ 639-6800) 	7	1:22	2023.04.21.	26	6:28	7:50	10:05	11:30	14:07	15:35	17:41	19:18	20:59												
102번	수통골	대전역	평일	계룡(☎ 639-6800) 	7	1:22	2023.04.21.	27 저상	6:33	7:55	10:13	11:38	14:15	15:43	17:49	19:25	21:04												
102번	수통골	대전역	평일	계룡(☎ 639-6800) 	7	1:22	2023.04.21.	28	6:38	8:00	10:20	11:45	14:23	15:51	17:57	19:33	21:11												
102번	수통골	대전역	평일	계룡(☎ 639-6800) 	7	1:22	2023.04.21.	29	6:43	8:05	10:28	11:53	14:31	15:59	18:05	19:41	21:18												
102번	수통골	대전역	평일	계룡(☎ 639-6800) 	7	1:22	2023.04.21.	30 저상	6:48	8:10	10:36	12:01	14:39	16:07	18:13	19:49	21:25												
102번	수통골	대전역	평일	계룡(☎ 639-6800) 	7	1:22	2023.04.21.	31	6:53	8:15	10:44	12:09	14:47	16:16	18:22	19:57	21:32												
102번	수통골	대전역	평일	계룡(☎ 639-6800) 	7	1:22	2023.04.21.	32	6:58	8:20	10:52	12:17	14:55	16:25	18:31	20:06	21:39												
102번	수통골	대전역	휴일	계룡(☎ 639-6800) 	10	1:22	2022.01.07.		수통골	대전역	수통골	대전역	수통골	대전역	수통골	대전역	수통골	대전역	수통골										현충원 경유 시간대
102번	수통골	대전역	휴일	계룡(☎ 639-6800) 	10	1:22	2022.01.07.	1		신동아A 5:40	7:19	8:39	11:17	12:43	15:20	16:48	18:48	20:09	21:50										
102번	수통골	대전역	휴일	계룡(☎ 639-6800) 	10	1:22	2022.01.07.	2 저상		복합TM 5:40	7:28	8:49	11:28	12:54	15:29	16:57	18:56	20:17	21:59										
102번	수통골	대전역	휴일	계룡(☎ 639-6800) 	10	1:22	2022.01.07.	3		5:40	7:37	8:58	11:38	13:05	15:38	17:06	19:04	20:25	22:08										
102번	수통골	대전역	휴일	계룡(☎ 639-6800) 	10	1:22	2022.01.07.	4		5:49	7:46	9:08	11:48	13:16	15:47	17:15	19:12	20:33	22:17										
102번	수통골	대전역	휴일	계룡(☎ 639-6800) 	10	1:22	2022.01.07.	5 저상		5:58	7:55	9:18	11:58	13:26	15:56	17:23	19:20	20:41	22:26										
102번	수통골	대전역	휴일	계룡(☎ 639-6800) 	10	1:22	2022.01.07.	6		6:07	8:05	9:28	12:08	13:36	16:05	17:32	19:28	20:48	22:35										
102번	수통골	대전역	휴일	계룡(☎ 639-6800) 	10	1:22	2022.01.07.	7		6:15	8:15	9:38	12:18	13:46	16:14	17:41	19:36	20:56											
102번	수통골	대전역	휴일	계룡(☎ 639-6800) 	10	1:22	2022.01.07.	8		6:23	8:25	9:48	12:28	13:56	16:23	17:50	19:44	21:05											
102번	수통골	대전역	휴일	계룡(☎ 639-6800) 	10	1:22	2022.01.07.	9 저상		6:31	8:35	9:58	12:38	14:07	16:32	17:59	19:52	21:14											
102번	수통골	대전역	휴일	계룡(☎ 639-6800) 	10	1:22	2022.01.07.	10		6:39	8:45	10:09	12:49	14:18	16:41	18:08	20:00	21:23											
102번	수통골	대전역	휴일	계룡(☎ 639-6800) 	10	1:22	2022.01.07.	11		6:47	8:55	10:20	13:00	14:29	16:50	18:17	20:08	21:32											
102번	수통골	대전역	휴일	계룡(☎ 639-6800) 	10	1:22	2022.01.07.	12	갈마역 5:40	6:55	9:05	10:31	13:11	14:40	17:00	18:26	20:16	21:41											
102번	수통골	대전역	휴일	계룡(☎ 639-6800) 	10	1:22	2022.01.07.	13 저상	5:40	7:03	9:17	10:43	13:23	14:52	17:10	18:36	20:24	21:50											
102번	수통골	대전역	휴일	계룡(☎ 639-6800) 	10	1:22	2022.01.07.	14	5:50	7:12	9:29	10:55	13:35	15:04	17:20	18:46	20:32	21:59											
102번	수통골	대전역	휴일	계룡(☎ 639-6800) 	10	1:22	2022.01.07.	15	6:00	7:21	9:41	11:07	13:47	15:16	17:30	18:56	20:40	22:08											
102번	수통골	대전역	휴일	계룡(☎ 639-6800) 	10	1:22	2022.01.07.	16	6:10	7:30	9:53	11:19	13:59	15:28	17:40	19:05	20:48	22:17											
102번	수통골	대전역	휴일	계룡(☎ 639-6800) 	10	1:22	2022.01.07.	17	6:20	7:40	10:05	11:31	14:11	15:40	17:50	19:14	20:56	22:26											
102번	수통골	대전역	휴일	계룡(☎ 639-6800) 	10	1:22	2022.01.07.	18 저상	6:30	7:50	10:17	11:43	14:23	15:52	17:59	19:23	21:05	22:35											
102번	수통골	대전역	휴일	계룡(☎ 639-6800) 	10	1:22	2022.01.07.	19	6:40	8:00	10:29	11:55	14:35	16:04	18:08	19:32	21:14												
102번	수통골	대전역	휴일	계룡(☎ 639-6800) 	10	1:22	2022.01.07.	20	6:50	8:10	10:41	12:07	14:47	16:16	18:19	19:41	21:23												
102번	수통골	대전역	휴일	계룡(☎ 639-6800) 	10	1:22	2022.01.07.	21 저상	7:00	8:20	10:53	12:19	14:59	16:27	18:30	19:51	21:32												
102번	수통골	대전역	휴일	계룡(☎ 639-6800) 	10	1:22	2022.01.07.	22	7:10	8:30	11:05	12:31	15:10	16:38	18:40	20:01	21:41												
102번	수통골	대전역	토요일	계룡(☎ 639-6800) 	9	1:22	2022.11.18.		수통골	대전역	수통골	대전역	수통골	대전역	수통골	대전역	수통골	대전역	수통골										현충원 경유 시간대
102번	수통골	대전역	토요일	계룡(☎ 639-6800) 	9	1:22	2022.11.18.	1		신동아A 5:40	7:18	8:38	11:17	12:43	15:19	16:47	18:45	20:06	21:41										
102번	수통골	대전역	토요일	계룡(☎ 639-6800) 	9	1:22	2022.11.18.	2 저상		복합TM 5:40	7:26	8:46	11:26	12:52	15:27	16:55	18:53	20:14	21:50										
102번	수통골	대전역	토요일	계룡(☎ 639-6800) 	9	1:22	2022.11.18.	3		5:40	7:34	8:55	11:35	13:02	15:35	17:03	19:01	20:22	21:59										
102번	수통골	대전역	토요일	계룡(☎ 639-6800) 	9	1:22	2022.11.18.	4		5:48	7:43	9:04	11:44	13:11	15:43	17:11	19:08	20:30	22:08										
102번	수통골	대전역	토요일	계룡(☎ 639-6800) 	9	1:22	2022.11.18.	5		5:56	7:52	9:13	11:53	13:20	15:51	17:19	19:15	20:37	22:17										
102번	수통골	대전역	토요일	계룡(☎ 639-6800) 	9	1:22	2022.11.18.	6 저상		6:04	8:01	9:22	12:02	13:29	15:59	17:27	19:22	20:44	22:26										
102번	수통골	대전역	토요일	계룡(☎ 639-6800) 	9	1:22	2022.11.18.	7		6:12	8:10	9:31	12:11	13:39	16:07	17:35	19:29	20:51	22:35										
102번	수통골	대전역	토요일	계룡(☎ 639-6800) 	9	1:22	2022.11.18.	8		6:20	8:19	9:41	12:21	13:49	16:15	17:43	19:36	20:58											
102번	수통골	대전역	토요일	계룡(☎ 639-6800) 	9	1:22	2022.11.18.	9		6:27	8:28	9:50	12:30	13:59	16:23	17:51	19:43	21:05											
102번	수통골	대전역	토요일	계룡(☎ 639-6800) 	9	1:22	2022.11.18.	10 저상		6:34	8:37	10:00	12:40	14:09	16:31	17:59	19:50	21:14											
102번	수통골	대전역	토요일	계룡(☎ 639-6800) 	9	1:22	2022.11.18.	11		6:41	8:46	10:09	12:49	14:18	16:39	18:07	19:57	21:23											
102번	수통골	대전역	토요일	계룡(☎ 639-6800) 	9	1:22	2022.11.18.	12		6:48	8:55	10:18	12:58	14:27	16:47	18:15	20:04	21:32											
102번	수통골	대전역	토요일	계룡(☎ 639-6800) 	9	1:22	2022.11.18.	13	갈마역 5:40	6:55	9:04	10:27	13:07	14:36	16:56	18:23	20:11	21:41											
102번	수통골	대전역	토요일	계룡(☎ 639-6800) 	9	1:22	2022.11.18.	14 저상	5:40	7:02	9:13	10:37	13:17	14:46	17:05	18:31	20:18	21:50											
102번	수통골	대전역	토요일	계룡(☎ 639-6800) 	9	1:22	2022.11.18.	15 저상	5:49	7:09	9:22	10:47	13:27	14:56	17:14	18:39	20:25	21:59											
102번	수통골	대전역	토요일	계룡(☎ 639-6800) 	9	1:22	2022.11.18.	16	5:58	7:18	9:32	10:57	13:37	15:06	17:23	18:48	20:32	22:08											
102번	수통골	대전역	토요일	계룡(☎ 639-6800) 	9	1:22	2022.11.18.	17	6:07	7:27	9:42	11:08	13:48	15:17	17:32	18:57	20:39	22:17											
102번	수통골	대전역	토요일	계룡(☎ 639-6800) 	9	1:22	2022.11.18.	18	6:16	7:36	9:53	11:19	13:59	15:28	17:41	19:06	20:46	22:26											
102번	수통골	대전역	토요일	계룡(☎ 639-6800) 	9	1:22	2022.11.18.	19 저상	6:25	7:45	10:05	11:31	14:11	15:40	17:50	19:15	20:53	22:35											
102번	수통골	대전역	토요일	계룡(☎ 639-6800) 	9	1:22	2022.11.18.	20	6:34	7:54	10:17	11:43	14:23	15:52	17:59	19:24	20:59												
102번	수통골	대전역	토요일	계룡(☎ 639-6800) 	9	1:22	2022.11.18.	21	6:43	8:03	10:29	11:55	14:35	16:04	18:10	19:32	21:05												
102번	수통골	대전역	토요일	계룡(☎ 639-6800) 	9	1:22	2022.11.18.	22 저상	6:52	8:12	10:41	12:07	14:47	16:16	18:19	19:40	21:14												
102번	수통골	대전역	토요일	계룡(☎ 639-6800) 	9	1:22	2022.11.18.	23	7:01	8:21	10:53	12:19	14:59	16:27	18:28	19:49	21:23												
102번	수통골	대전역	토요일	계룡(☎ 639-6800) 	9	1:22	2022.11.18.	24	7:10	8:30	11:05	12:31	15:10	16:38	18:37	19:58	21:32												
103번	수통골	동춘당	평일	대운(☎ 626-2271) 	13	1:39	2023.04.21.		수통골	동춘당	수통골	동춘당	수통골	동춘당	수통골	동춘당	수통골	동춘당											
103번	수통골	동춘당	평일	대운(☎ 626-2271) 	13	1:39	2023.04.21.	1 저상		중구청역 5:40	7:35	9:25	11:40																
103번	수통골	동춘당	평일	대운(☎ 626-2271) 	13	1:39	2023.04.21.	2 저상		명석고 5:40	7:46	9:40	11:53																
103번	수통골	동춘당	평일	대운(☎ 626-2271) 	13	1:39	2023.04.21.	3 저상		5:40	7:57	9:55	12:05	14:22	16:37	18:21	20:33												
103번	수통골	동춘당	평일	대운(☎ 626-2271) 	13	1:39	2023.04.21.	4 저상		5:52	8:08	10:10	12:19	14:37	16:52	18:36	20:46												
103번	수통골	동춘당	평일	대운(☎ 626-2271) 	13	1:39	2023.04.21.	5 저상		6:04	8:19	10:25	12:34	14:51	17:06	18:51	20:59												
103번	수통골	동춘당	평일	대운(☎ 626-2271) 	13	1:39	2023.04.21.	6 저상		6:16	8:30	10:40	12:49	15:06	17:20	19:06	21:12												
103번	수통골	동춘당	평일	대운(☎ 626-2271) 	13	1:39	2023.04.21.	7 저상		6:28	8:42	10:55	13:03	15:21	17:34	19:21	21:25												
103번	수통골	동춘당	평일	대운(☎ 626-2271) 	13	1:39	2023.04.21.	8 저상		6:40	8:54	11:10	13:17	15:36	17:48	19:36	21:38												
103번	수통골	동춘당	평일	대운(☎ 626-2271) 	13	1:39	2023.04.21.	9 저상		6:52	9:06	11:25	13:31	15:51	18:02	19:51	21:51												
103번	수통골	동춘당	평일	대운(☎ 626-2271) 	13	1:39	2023.04.21.	10 저상	온천역 5:40	7:04	9:20	11:40	13:45	16:06	18:16	20:06	22:04												
103번	수통골	동춘당	평일	대운(☎ 626-2271) 	13	1:39	2023.04.21.	11 저상	5:40	7:16	9:34	11:55	13:59	16:21	18:29	20:21	22:17												
103번	수통골	동춘당	평일	대운(☎ 626-2271) 	13	1:39	2023.04.21.	12 저상	5:52	7:28	9:48	12:10	14:13	16:35	18:42	20:36	22:30												
103번	수통골	동춘당	평일	대운(☎ 626-2271) 	13	1:39	2023.04.21.	13 저상	6:04	7:40	10:02	12:25	14:29	16:49	18:55	20:51													
103번	수통골	동춘당	평일	대운(☎ 626-2271) 	13	1:39	2023.04.21.	14 저상	6:16	7:52	10:16	12:40	14:45	17:00	19:08	21:06													
103번	수통골	동춘당	평일	대운(☎ 626-2271) 	13	1:39	2023.04.21.	15 저상	6:28	8:04	10:30	12:55	15:01	17:11	19:20	21:20													
103번	수통골	동춘당	평일	대운(☎ 626-2271) 	13	1:39	2023.04.21.	16 저상	6:40	8:18	10:42	13:09	15:17	17:22	19:32	21:34													
103번	수통골	동춘당	평일	대운(☎ 626-2271) 	13	1:39	2023.04.21.	17 저상	6:51	8:32	10:54	13:23	15:33	17:33	19:44	21:48													
103번	수통골	동춘당	평일	대운(☎ 626-2271) 	13	1:39	2023.04.21.	18 저상	7:02	8:46	11:06	13:37	15:49	17:44	19:56	22:02													
103번	수통골	동춘당	평일	대운(☎ 626-2271) 	13	1:39	2023.04.21.	19 저상	7:13	9:00	11:17	13:51	16:05	17:55	20:08	22:16													
103번	수통골	동춘당	평일	대운(☎ 626-2271) 	13	1:39	2023.04.21.	20 저상	7:24	9:14	11:28	14:06	16:21	18:06	20:20	22:30													
103번	수통골	동춘당	휴,토	대운(☎ 626-2271) 	14	1:39	2023.04.21.		수통골	동춘당	수통골	동춘당	수통골	동춘당	수통골	동춘당	수통골	동춘당											
103번	수통골	동춘당	휴,토	대운(☎ 626-2271) 	14	1:39	2023.04.21.	1 저상		중구청역 5:40	7:47	9:44	12:00	14:27	16:37	18:32	20:30												
103번	수통골	동춘당	휴,토	대운(☎ 626-2271) 	14	1:39	2023.04.21.	2 저상		명석고 5:40	8:02	10:00	12:14	14:41	16:50	18:46	20:42												
103번	수통골	동춘당	휴,토	대운(☎ 626-2271) 	14	1:39	2023.04.21.	3 저상		5:40	8:16	10:16	12:28	14:55	17:03	19:00	20:54												
103번	수통골	동춘당	휴,토	대운(☎ 626-2271) 	14	1:39	2023.04.21.	4 저상		5:55	8:30	10:32	12:42	15:09	17:16	19:14	21:06												
103번	수통골	동춘당	휴,토	대운(☎ 626-2271) 	14	1:39	2023.04.21.	5 저상		6:10	8:44	10:48	12:56	15:23	17:30	19:28	21:18												
103번	수통골	동춘당	휴,토	대운(☎ 626-2271) 	14	1:39	2023.04.21.	6 저상		6:25	8:58	11:04	13:12	15:37	17:44	19:42	21:30												
103번	수통골	동춘당	휴,토	대운(☎ 626-2271) 	14	1:39	2023.04.21.	7 저상		6:40	9:12	11:20	13:28	15:51	17:58	19:56	21:42												
103번	수통골	동춘당	휴,토	대운(☎ 626-2271) 	14	1:39	2023.04.21.	8 저상		6:55	9:26	11:36	13:44	16:05	18:12	20:10	21:54												
103번	수통골	동춘당	휴,토	대운(☎ 626-2271) 	14	1:39	2023.04.21.	9 저상	온천역 5:40	7:10	9:40	11:52	14:00	16:21	18:26	20:24	22:06												
103번	수통골	동춘당	휴,토	대운(☎ 626-2271) 	14	1:39	2023.04.21.	10 저상	5:40	7:25	9:54	12:08	14:16	16:37	18:40	20:38	22:18												
103번	수통골	동춘당	휴,토	대운(☎ 626-2271) 	14	1:39	2023.04.21.	11 저상	5:54	7:40	10:08	12:24	14:32	16:53	18:54	20:52	22:30												
103번	수통골	동춘당	휴,토	대운(☎ 626-2271) 	14	1:39	2023.04.21.	12 저상	6:08	7:55	10:22	12:40	14:48	17:05	19:06	21:06													
103번	수통골	동춘당	휴,토	대운(☎ 626-2271) 	14	1:39	2023.04.21.	13 저상	6:22	8:10	10:36	12:56	15:04	17:17	19:18	21:20													
103번	수통골	동춘당	휴,토	대운(☎ 626-2271) 	14	1:39	2023.04.21.	14 저상	6:36	8:25	10:50	13:12	15:20	17:29	19:30	21:34													
103번	수통골	동춘당	휴,토	대운(☎ 626-2271) 	14	1:39	2023.04.21.	15 저상	6:50	8:40	11:04	13:28	15:36	17:41	19:42	21:48													
103번	수통골	동춘당	휴,토	대운(☎ 626-2271) 	14	1:39	2023.04.21.	16 저상	7:04	8:56	11:18	13:43	15:52	17:53	19:54	22:02													
103번	수통골	동춘당	휴,토	대운(☎ 626-2271) 	14	1:39	2023.04.21.	17 저상	7:18	9:12	11:32	13:58	16:08	18:05	20:06	22:16													
103번	수통골	동춘당	휴,토	대운(☎ 626-2271) 	14	1:39	2023.04.21.	18 저상	7:32	9:28	11:46	14:13	16:24	18:17	20:18	22:30													
104번	수통골	탄방역	ALL	한일(☎ 936-7710)	20	1:02	2022.03.28.		수통골	탄방역	수통골	탄방역	수통골	탄방역	수통골	탄방역	수통골	탄방역	수통골	탄방역	수통골	탄방역							
104번	수통골	탄방역	ALL	한일(☎ 936-7710)	20	1:02	2022.03.28.	1    저상		5:40	7:00	8:01	9:34	10:39	12:21	13:26	15:09	16:18	17:57	19:08	20:50	22:07							
104번	수통골	탄방역	ALL	한일(☎ 936-7710)	20	1:02	2022.03.28.	2		5:52	7:15	8:20	9:54	10:59	12:42	13:47	15:30	16:39	18:18	19:28	21:12	22:30							
104번	수통골	탄방역	ALL	한일(☎ 936-7710)	20	1:02	2022.03.28.	3		6:04	7:30	8:37	10:15	11:20	13:03	14:08	15:51	17:00	18:39	19:50	21:32								
104번	수통골	탄방역	ALL	한일(☎ 936-7710)	20	1:02	2022.03.28.	4    저상		6:16	7:45	8:54	10:36	11:41	13:24	14:29	16:12	17:21	19:00	20:12	21:52								
104번	수통골	탄방역	ALL	한일(☎ 936-7710)	20	1:02	2022.03.28.	5	5:45	6:38	8:06	9:13	10:57	12:02	13:45	14:50	16:33	17:43	19:22	20:35	22:11								
104번	수통골	탄방역	ALL	한일(☎ 936-7710)	20	1:02	2022.03.28.	6      저상	6:00	6:58	8:28	9:34	11:18	12:23	14:06	15:12	16:54	18:05	19:44	20:58	22:30								
104번	수통골	탄방역	ALL	한일(☎ 936-7710)	20	1:02	2022.03.28.	7	6:20	7:19	8:50	9:55	11:39	12:44	14:27	15:34	17:15	18:26	20:06	21:21									
104번	수통골	탄방역	ALL	한일(☎ 936-7710)	20	1:02	2022.03.28.	8	6:40	7:40	9:12	10:17	12:00	13:05	14:48	15:56	17:36	18:47	20:28	21:44									
105번	충대농대	비래삼호A	평일	협진(☎ 936-7961),동건(☎ 936-3613)	9	1:19	2023.03.17.		충대농대	삼호A	충대농대	삼호A	충대농대	삼호A	충대농대	삼호A	충대농대	삼호A	충대농대	삼호A									
105번	충대농대	비래삼호A	평일	협진(☎ 936-7961),동건(☎ 936-3613)	9	1:19	2023.03.17.	1 동건		복합TM 5:40	7:15	8:46	10:43	12:10															
105번	충대농대	비래삼호A	평일	협진(☎ 936-7961),동건(☎ 936-3613)	9	1:19	2023.03.17.	2 동건 저상		5:40	7:23	8:57	10:52	12:19	14:02	15:31	17:22	19:03	20:53	22:13									
105번	충대농대	비래삼호A	평일	협진(☎ 936-7961),동건(☎ 936-3613)	9	1:19	2023.03.17.	3 동건		5:51	7:33	9:07	11:01	12:28	14:12	15:41	17:32	19:14	21:04	22:24									
105번	충대농대	비래삼호A	평일	협진(☎ 936-7961),동건(☎ 936-3613)	9	1:19	2023.03.17.	4 동건 저상		6:01	7:43	9:17	11:10	12:37	14:22	15:51	17:42	19:24	21:15	22:35									
105번	충대농대	비래삼호A	평일	협진(☎ 936-7961),동건(☎ 936-3613)	9	1:19	2023.03.17.	5 동건		6:11	7:53	9:27	11:19	12:46	14:32	16:01	17:53	19:34	21:25										
105번	충대농대	비래삼호A	평일	협진(☎ 936-7961),동건(☎ 936-3613)	9	1:19	2023.03.17.	6 동건 저상		6:20	8:03	9:37	11:28	12:55	14:42	16:11	18:04	19:43	21:35										
105번	충대농대	비래삼호A	평일	협진(☎ 936-7961),동건(☎ 936-3613)	9	1:19	2023.03.17.	7 동건		6:28	8:14	9:46	11:37	13:04	14:52	16:21	18:15	19:52	21:45										
105번	충대농대	비래삼호A	평일	협진(☎ 936-7961),동건(☎ 936-3613)	9	1:19	2023.03.17.	8 동건 저상		6:35	8:25	9:55	11:46	13:14	15:02	16:31	18:26	20:01	21:55										
105번	충대농대	비래삼호A	평일	협진(☎ 936-7961),동건(☎ 936-3613)	9	1:19	2023.03.17.	9 협진		6:42	8:36	10:04	11:55	13:24															
105번	충대농대	비래삼호A	평일	협진(☎ 936-7961),동건(☎ 936-3613)	9	1:19	2023.03.17.	10 협진 저상	큰마을4 5:40	6:49	8:46	10:13	12:04	13:33	15:12	16:41	18:37	20:10	22:05										
105번	충대농대	비래삼호A	평일	협진(☎ 936-7961),동건(☎ 936-3613)	9	1:19	2023.03.17.	11 협진	5:40	6:56	8:55	10:22	12:13	13:42	15:22	16:51	18:48	20:19	22:15										
105번	충대농대	비래삼호A	평일	협진(☎ 936-7961),동건(☎ 936-3613)	9	1:19	2023.03.17.	12 협진	5:47	7:03	9:04	10:31	12:22	13:51	15:32	17:02	18:59	20:28	22:25										
105번	충대농대	비래삼호A	평일	협진(☎ 936-7961),동건(☎ 936-3613)	9	1:19	2023.03.17.	13 협진	5:55	7:11	9:13	10:40	12:31	14:00	15:42	17:13	19:10	20:37	22:35										
105번	충대농대	비래삼호A	평일	협진(☎ 936-7961),동건(☎ 936-3613)	9	1:19	2023.03.17.	14 협진 저상	6:03	7:19	9:22	10:49	12:40	14:09	15:52	17:24	19:21	20:46											
105번	충대농대	비래삼호A	평일	협진(☎ 936-7961),동건(☎ 936-3613)	9	1:19	2023.03.17.	15 협진	6:11	7:27	9:31	10:58	12:49	14:18	16:02	17:35	19:32	20:55											
105번	충대농대	비래삼호A	평일	협진(☎ 936-7961),동건(☎ 936-3613)	9	1:19	2023.03.17.	16 협진	6:19	7:35	9:40	11:07	12:58	14:27	16:12	17:46	19:42	21:04											
105번	충대농대	비래삼호A	평일	협진(☎ 936-7961),동건(☎ 936-3613)	9	1:19	2023.03.17.	17 협진	6:27	7:44	9:49	11:16	13:07	14:36	16:22	17:57	19:52	21:13											
105번	충대농대	비래삼호A	평일	협진(☎ 936-7961),동건(☎ 936-3613)	9	1:19	2023.03.17.	18 협진	6:35	7:53	9:58	11:25	13:16	14:45	16:32	18:08	20:02	21:22											
105번	충대농대	비래삼호A	평일	협진(☎ 936-7961),동건(☎ 936-3613)	9	1:19	2023.03.17.	19 협진	6:43	8:03	10:07	11:34	13:25	14:54	16:42	18:19	20:12	21:32											
105번	충대농대	비래삼호A	평일	협진(☎ 936-7961),동건(☎ 936-3613)	9	1:19	2023.03.17.	20 동건	6:51	8:13	10:16	11:43	13:34	15:03	16:52	18:30	20:22	21:42											
105번	충대농대	비래삼호A	평일	협진(☎ 936-7961),동건(☎ 936-3613)	9	1:19	2023.03.17.	21 동건	6:59	8:24	10:25	11:52	13:43	15:12	17:02	18:41	20:32	21:52											
105번	충대농대	비래삼호A	평일	협진(☎ 936-7961),동건(☎ 936-3613)	9	1:19	2023.03.17.	22 동건	7:07	8:35	10:34	12:01	13:52	15:21	17:12	18:52	20:42	22:02											
105번	충대농대	비래삼호A	휴,토	협진(☎ 936-7961),동건(☎ 936-3613)	11	1:19	2022.03.28.		충대농대	삼호A	충대농대	삼호A	충대농대	삼호A	충대농대	삼호A	충대농대	삼호A	충대농대	삼호A									
105번	충대농대	비래삼호A	휴,토	협진(☎ 936-7961),동건(☎ 936-3613)	11	1:19	2022.03.28.	1 협진		복합TM 5:40	7:15	8:35	10:28	11:54	13:52	15:18	17:09	18:35	20:38	21:59									
105번	충대농대	비래삼호A	휴,토	협진(☎ 936-7961),동건(☎ 936-3613)	11	1:19	2022.03.28.	2 동건		5:40	7:26	8:46	10:40	12:06	14:04	15:30	17:21	18:47	20:51	22:11									
105번	충대농대	비래삼호A	휴,토	협진(☎ 936-7961),동건(☎ 936-3613)	11	1:19	2022.03.28.	3 동건		5:50	7:37	8:57	10:52	12:18	14:16	15:42	17:33	18:59	21:04	22:23									
105번	충대농대	비래삼호A	휴,토	협진(☎ 936-7961),동건(☎ 936-3613)	11	1:19	2022.03.28.	4 동건		6:00	7:48	9:08	11:04	12:30	14:28	15:54	17:45	19:11	21:17	22:35									
105번	충대농대	비래삼호A	휴,토	협진(☎ 936-7961),동건(☎ 936-3613)	11	1:19	2022.03.28.	5 동건		6:10	7:59	9:19	11:16	12:42	14:40	16:06	17:57	19:23	21:30										
105번	충대농대	비래삼호A	휴,토	협진(☎ 936-7961),동건(☎ 936-3613)	11	1:19	2022.03.28.	6 동건		6:20	8:10	9:30	11:28	12:54	14:52	16:18	18:09	19:35	21:43										
105번	충대농대	비래삼호A	휴,토	협진(☎ 936-7961),동건(☎ 936-3613)	11	1:19	2022.03.28.	7 동건		6:30	8:21	9:41	11:40	13:06	15:04	16:30	18:21	19:47	21:56										
105번	충대농대	비래삼호A	휴,토	협진(☎ 936-7961),동건(☎ 936-3613)	11	1:19	2022.03.28.	8 동건		6:40	8:32	9:52	11:52	13:18	15:15	16:42	18:33	19:59	22:09										
105번	충대농대	비래삼호A	휴,토	협진(☎ 936-7961),동건(☎ 936-3613)	11	1:19	2022.03.28.	9 동건	큰마을4 5:40	6:50	8:43	10:03	12:04	13:30	15:26	16:54	18:45	20:11											
105번	충대농대	비래삼호A	휴,토	협진(☎ 936-7961),동건(☎ 936-3613)	11	1:19	2022.03.28.	10 협진	5:40	7:00	8:55	10:16	12:16	13:42	15:37	17:06	18:57	20:23	22:22										
105번	충대농대	비래삼호A	휴,토	협진(☎ 936-7961),동건(☎ 936-3613)	11	1:19	2022.03.28.	11 협진	5:52	7:12	9:07	10:29	12:28	13:54	15:48	17:17	19:09	20:35	22:35										
105번	충대농대	비래삼호A	휴,토	협진(☎ 936-7961),동건(☎ 936-3613)	11	1:19	2022.03.28.	12 협진	6:04	7:24	9:19	10:42	12:40	14:06	15:59	17:28	19:21	20:47											
105번	충대농대	비래삼호A	휴,토	협진(☎ 936-7961),동건(☎ 936-3613)	11	1:19	2022.03.28.	13 협진	6:16	7:36	9:31	10:55	12:52	14:18	16:10	17:39	19:33	20:59											
105번	충대농대	비래삼호A	휴,토	협진(☎ 936-7961),동건(☎ 936-3613)	11	1:19	2022.03.28.	14 협진 저상	6:28	7:48	9:43	11:08	13:04	14:30	16:21	17:50	19:46	21:11											
105번	충대농대	비래삼호A	휴,토	협진(☎ 936-7961),동건(☎ 936-3613)	11	1:19	2022.03.28.	15 협진	6:40	8:00	9:55	11:21	13:16	14:42	16:33	18:01	19:59	21:23											
105번	충대농대	비래삼호A	휴,토	협진(☎ 936-7961),동건(☎ 936-3613)	11	1:19	2022.03.28.	16 협진	6:52	8:12	10:06	11:32	13:28	14:54	16:45	18:12	20:12	21:35											
105번	충대농대	비래삼호A	휴,토	협진(☎ 936-7961),동건(☎ 936-3613)	11	1:19	2022.03.28.	17 협진	7:04	8:24	10:17	11:43	13:40	15:06	16:57	18:23	20:25	21:47											
106번	목원대	비래동	평일	금남(☎ 582-3527) 	11	1:24	2022.01.07.		목원대	비래동	목원대	비래동	목원대	비래동	목원대	비래동	목원대	비래동	목원대										
106번	목원대	비래동	평일	금남(☎ 582-3527) 	11	1:24	2022.01.07.	1 저상		시청역   5:45	7:16	8:46	11:14	12:44															
106번	목원대	비래동	평일	금남(☎ 582-3527) 	11	1:24	2022.01.07.	2		복합TM  5:45	7:27	8:57	11:25	12:55	14:53	16:23	18:38	20:16	22:30										
106번	목원대	비래동	평일	금남(☎ 582-3527) 	11	1:24	2022.01.07.	3 저상		5:45	7:38	9:08	11:36	13:06	15:04	16:34	18:51	20:28											
106번	목원대	비래동	평일	금남(☎ 582-3527) 	11	1:24	2022.01.07.	4		5:56	7:49	9:19	11:47	13:18	15:15	16:45	19:04	20:40											
106번	목원대	비래동	평일	금남(☎ 582-3527) 	11	1:24	2022.01.07.	5 저상		6:07	8:00	9:30	11:58	13:30	15:26	16:56	19:17	20:52											
106번	목원대	비래동	평일	금남(☎ 582-3527) 	11	1:24	2022.01.07.	6		6:18	8:11	9:41	12:09	13:42	15:37	17:07	19:30	21:04											
106번	목원대	비래동	평일	금남(☎ 582-3527) 	11	1:24	2022.01.07.	7		6:29	8:22	9:52	12:20	13:54	15:49	17:20	19:43	21:16											
106번	목원대	비래동	평일	금남(☎ 582-3527) 	11	1:24	2022.01.07.	8 저상		6:39	8:33	10:03	12:31	14:06	16:01	17:33	19:56	21:28											
106번	목원대	비래동	평일	금남(☎ 582-3527) 	11	1:24	2022.01.07.	9		6:47	8:44	10:14	12:42	14:18	16:13	17:46	20:09	21:40											
106번	목원대	비래동	평일	금남(☎ 582-3527) 	11	1:24	2022.01.07.	10	갈마역   5:45	6:55	8:55	10:25	12:52																
106번	목원대	비래동	평일	금남(☎ 582-3527) 	11	1:24	2022.01.07.	11 저상	온천역   5:45	7:03	9:06	10:36	13:02	14:30	16:25	17:59	20:21	21:51											
106번	목원대	비래동	평일	금남(☎ 582-3527) 	11	1:24	2022.01.07.	12	5:45	7:11	9:17	10:47	13:12	14:42	16:37	18:12	20:33	22:02											
106번	목원대	비래동	평일	금남(☎ 582-3527) 	11	1:24	2022.01.07.	13 저상	5:53	7:19	9:28	10:58	13:22	14:52	16:49	18:25	20:45	22:13											
106번	목원대	비래동	평일	금남(☎ 582-3527) 	11	1:24	2022.01.07.	14	6:01	7:27	9:39	11:09	13:32	15:02	17:01	18:38	20:57	22:24											
106번	목원대	비래동	평일	금남(☎ 582-3527) 	11	1:24	2022.01.07.	15 저상	6:09	7:35	9:51	11:21	13:42	15:12	17:13	18:51	21:09	22:35											
106번	목원대	비래동	평일	금남(☎ 582-3527) 	11	1:24	2022.01.07.	16	6:18	7:45	10:03	11:33	13:52	15:22	17:25	19:04	21:21												
106번	목원대	비래동	평일	금남(☎ 582-3527) 	11	1:24	2022.01.07.	17	6:27	7:55	10:15	11:45	14:02	15:32	17:37	19:16	21:33												
106번	목원대	비래동	평일	금남(☎ 582-3527) 	11	1:24	2022.01.07.	18 저상	6:36	8:05	10:27	11:57	14:12	15:42	17:49	19:28	21:45												
106번	목원대	비래동	평일	금남(☎ 582-3527) 	11	1:24	2022.01.07.	19	6:45	8:15	10:39	12:09	14:22	15:52	18:01	19:40	21:57												
106번	목원대	비래동	평일	금남(☎ 582-3527) 	11	1:24	2022.01.07.	20 저상	6:55	8:25	10:51	12:21	14:32	16:02	18:13	19:52	22:08												
106번	목원대	비래동	평일	금남(☎ 582-3527) 	11	1:24	2022.01.07.	21	7:05	8:35	11:03	12:33	14:42	16:12	18:25	20:04	22:19												
106번	목원대	비래동	휴,토	금남(☎ 582-3527) 	13	1:24	2022.03.28.		목원대	비래동	목원대	비래동	목원대	비래동	목원대	비래동	목원대	비래동	목원대	비래동									
106번	목원대	비래동	휴,토	금남(☎ 582-3527) 	13	1:24	2022.03.28.	1		시청 5:45	7:04	8:34	10:42	12:12	14:41	16:12	18:32	20:11	22:16										
106번	목원대	비래동	휴,토	금남(☎ 582-3527) 	13	1:24	2022.03.28.	2 저상		복합T 5:45	7:17	8:47	10:57	12:27	14:55	16:27	18:46	20:25	22:30										
106번	목원대	비래동	휴,토	금남(☎ 582-3527) 	13	1:24	2022.03.28.	3		5:45	7:30	9:00	11:12	12:42	15:09	16:42	19:00	20:39											
106번	목원대	비래동	휴,토	금남(☎ 582-3527) 	13	1:24	2022.03.28.	4		5:57	7:43	9:13	11:27	12:57	15:23	16:57	19:14	20:53											
106번	목원대	비래동	휴,토	금남(☎ 582-3527) 	13	1:24	2022.03.28.	5 저상		6:09	7:56	9:26	11:42	13:12	15:37	17:12	19:28	21:07											
106번	목원대	비래동	휴,토	금남(☎ 582-3527) 	13	1:24	2022.03.28.	6		6:21	8:09	9:39	11:57	13:27	15:51	17:27	19:42	21:21											
106번	목원대	비래동	휴,토	금남(☎ 582-3527) 	13	1:24	2022.03.28.	7		6:33	8:22	9:52	12:12	13:42	16:05	17:42	19:56	21:35											
106번	목원대	비래동	휴,토	금남(☎ 582-3527) 	13	1:24	2022.03.28.	8 저상	갈마역 5:45	6:45	8:35	10:05	12:27	13:57	16:19	17:57	20:10	21:50											
106번	목원대	비래동	휴,토	금남(☎ 582-3527) 	13	1:24	2022.03.28.	9	온천역 5:45	6:57	8:49	10:19	12:42	14:12	16:33	18:12	20:24	22:05											
106번	목원대	비래동	휴,토	금남(☎ 582-3527) 	13	1:24	2022.03.28.	10	5:45	7:09	9:03	10:33	12:57	14:27	16:48	18:27	20:38	22:20											
106번	목원대	비래동	휴,토	금남(☎ 582-3527) 	13	1:24	2022.03.28.	11 저상	5:56	7:21	9:17	10:47	13:12	14:42	17:03	18:42	20:52	22:35											
106번	목원대	비래동	휴,토	금남(☎ 582-3527) 	13	1:24	2022.03.28.	12	6:07	7:33	9:31	11:01	13:27	14:57	17:18	18:57	21:06												
106번	목원대	비래동	휴,토	금남(☎ 582-3527) 	13	1:24	2022.03.28.	13	6:18	7:45	9:45	11:15	13:42	15:12	17:33	19:12	21:20												
106번	목원대	비래동	휴,토	금남(☎ 582-3527) 	13	1:24	2022.03.28.	14 저상	6:29	7:57	9:59	11:29	13:57	15:27	17:48	19:27	21:34												
106번	목원대	비래동	휴,토	금남(☎ 582-3527) 	13	1:24	2022.03.28.	15	6:40	8:09	10:13	11:43	14:12	15:42	18:03	19:42	21:48												
106번	목원대	비래동	휴,토	금남(☎ 582-3527) 	13	1:24	2022.03.28.	16	6:51	8:21	10:27	11:57	14:27	15:57	18:18	19:57	22:02												
107번	대전역	동학사	평일	대승(☎ 544-0181) 	21	1:14	2022.01.07.		대전역	동학사	대전역	동학사	대전역	동학사	대전역	동학사	대전역	동학사	대전역	동학사									
107번	대전역	동학사	평일	대승(☎ 544-0181) 	21	1:14	2022.01.07.	1		5:50	7:32	8:49	10:38	11:53	14:06	15:22	17:14	18:34	20:30	21:44									
107번	대전역	동학사	평일	대승(☎ 544-0181) 	21	1:14	2022.01.07.	2	갈마4가 05:40	6:10	7:50	9:06	11:00	12:16															
107번	대전역	동학사	평일	대승(☎ 544-0181) 	21	1:14	2022.01.07.	3	오룡역 5:40	6:30	8:10	9:27	11:23	12:39	14:31	15:47	17:39	18:59	20:55	22:07									
107번	대전역	동학사	평일	대승(☎ 544-0181) 	21	1:14	2022.01.07.	4	5:40	6:50	8:31	9:47	11:46	13:02	14:54	16:12	18:04	19:23	21:20	22:30									
107번	대전역	동학사	평일	대승(☎ 544-0181) 	21	1:14	2022.01.07.	5	6:00	7:10	8:52	10:07	12:09	13:25	15:17	16:36	18:28	19:47	21:45										
107번	대전역	동학사	평일	대승(☎ 544-0181) 	21	1:14	2022.01.07.	6	6:20	7:30	9:13	10:27	12:32	13:48	15:40	17:00	18:52	20:11	22:10										
107번	대전역	동학사	평일	대승(☎ 544-0181) 	21	1:14	2022.01.07.	7	6:38	7:50	9:34	10:48	12:55	14:11	16:03	17:24	19:16	20:35											
107번	대전역	동학사	평일	대승(☎ 544-0181) 	21	1:14	2022.01.07.	8	6:56	8:10	9:55	11:09	13:18	14:34	16:26	17:47	19:40	20:58											
107번	대전역	동학사	평일	대승(☎ 544-0181) 	21	1:14	2022.01.07.	9	7:14	8:30	10:16	11:30	13:41	14:57	16:49	18:10	20:05	21:21											
107번	대전역	동학사	휴,토	대승(☎ 544-0181) 	20	1:14	2022.01.07.		대전역	동학사	대전역	동학사	대전역	동학사	대전역	동학사	대전역	동학사	대전역	동학사									
107번	대전역	동학사	휴,토	대승(☎ 544-0181) 	20	1:14	2022.01.07.	1		5:50	7:32	8:49	10:38	11:53	14:01	15:18	17:13	18:30	20:13	21:30									
107번	대전역	동학사	휴,토	대승(☎ 544-0181) 	20	1:14	2022.01.07.	2	갈마4가 05:40	6:10	7:50	9:06	11:00	12:16	14:21	15:38	17:33	18:50	20:34	21:50									
107번	대전역	동학사	휴,토	대승(☎ 544-0181) 	20	1:14	2022.01.07.	3	오룡역 5:40	6:30	8:10	9:27	11:23	12:39	14:41	15:58	17:53	19:10	20:57	22:10									
107번	대전역	동학사	휴,토	대승(☎ 544-0181) 	20	1:14	2022.01.07.	4	5:40	6:50	8:31	9:47	11:46	13:02	15:01	16:18	18:13	19:30	21:20	22:30									
107번	대전역	동학사	휴,토	대승(☎ 544-0181) 	20	1:14	2022.01.07.	5	6:00	7:10	8:52	10:07	12:09	13:25	15:21	16:39	18:33	19:50	21:45										
107번	대전역	동학사	휴,토	대승(☎ 544-0181) 	20	1:14	2022.01.07.	6	6:20	7:30	9:13	10:27	12:32	13:48	15:41	17:01	18:53	20:10	22:10										
107번	대전역	동학사	휴,토	대승(☎ 544-0181) 	20	1:14	2022.01.07.	7	6:38	7:50	9:34	10:48	12:55	14:11	16:04	17:24	19:13	20:30											
107번	대전역	동학사	휴,토	대승(☎ 544-0181) 	20	1:14	2022.01.07.	8	6:56	8:10	9:55	11:09	13:18	14:34	16:27	17:47	19:33	20:50											
107번	대전역	동학사	휴,토	대승(☎ 544-0181) 	20	1:14	2022.01.07.	9	7:14	8:30	10:16	11:30	13:41	14:57	16:50	18:10	19:53	21:10											
108번	충대농대	낭월차고지	평일	동인(☎ 285-8100) 	12	1:20	2023.03.17.		충대농대	낭월동	충대농대	낭월동	충대농대	낭월동	충대농대	낭월동	충대농대	낭월동	충대농대	낭월동									
108번	충대농대	낭월차고지	평일	동인(☎ 285-8100) 	12	1:20	2023.03.17.	1		석교지구 5:35	7:04	8:35	10:33	12:01	14:01	15:29	17:29	19:00	20:52										
108번	충대농대	낭월차고지	평일	동인(☎ 285-8100) 	12	1:20	2023.03.17.	2 저상		5:35	7:16	8:47	10:45	12:13	14:13	15:41	17:41	19:12	21:04										
108번	충대농대	낭월차고지	평일	동인(☎ 285-8100) 	12	1:20	2023.03.17.	3		5:46	7:28	8:58	10:56	12:24	14:25	15:53	17:53	19:24	21:16										
108번	충대농대	낭월차고지	평일	동인(☎ 285-8100) 	12	1:20	2023.03.17.	4		5:58	7:40	9:10	11:08	12:36	14:37	16:05	18:05	19:36	21:28										
108번	충대농대	낭월차고지	평일	동인(☎ 285-8100) 	12	1:20	2023.03.17.	5		6:10	7:52	9:21	11:19	12:48	14:48	16:16	18:17	19:48	21:40										
108번	충대농대	낭월차고지	평일	동인(☎ 285-8100) 	12	1:20	2023.03.17.	6 저상		6:22	8:04	9:33	11:31	13:00	15:00	16:28	18:29	20:00	21:52										
108번	충대농대	낭월차고지	평일	동인(☎ 285-8100) 	12	1:20	2023.03.17.	7		6:31	8:16	9:45	11:43	13:12	15:12	16:40	18:41	20:12	22:04										
108번	충대농대	낭월차고지	평일	동인(☎ 285-8100) 	12	1:20	2023.03.17.	8		6:40	8:29	9:58	11:55	13:25	15:25	16:53	18:53	20:23	22:16										
108번	충대농대	낭월차고지	평일	동인(☎ 285-8100) 	12	1:20	2023.03.17.	9 저상		6:48	8:42	10:11	12:07	13:38	15:38	17:06	19:05	20:34	22:28										
108번	충대농대	낭월차고지	평일	동인(☎ 285-8100) 	12	1:20	2023.03.17.	10		6:56	8:55	10:23	12:19	13:51	15:51	17:19	19:17	20:45	22:40										
108번	충대농대	낭월차고지	평일	동인(☎ 285-8100) 	12	1:20	2023.03.17.	11	5:45	7:04	9:05	10:33	12:31																
108번	충대농대	낭월차고지	평일	동인(☎ 285-8100) 	12	1:20	2023.03.17.	12 저상	5:56	7:12	9:13	10:41	12:42	14:04	16:04	17:32	19:29	21:00											
108번	충대농대	낭월차고지	평일	동인(☎ 285-8100) 	12	1:20	2023.03.17.	13	6:07	7:21	9:23	10:51	12:52	14:17	16:17	17:45	19:41	21:15											
108번	충대농대	낭월차고지	평일	동인(☎ 285-8100) 	12	1:20	2023.03.17.	14	6:17	7:31	9:33	11:01	13:02	14:29	16:29	17:58	19:53	21:30											
108번	충대농대	낭월차고지	평일	동인(☎ 285-8100) 	12	1:20	2023.03.17.	15	6:26	7:44	9:45	11:13	13:13	14:41	16:41	18:11	20:05	21:45											
108번	충대농대	낭월차고지	평일	동인(☎ 285-8100) 	12	1:20	2023.03.17.	16 저상	6:35	7:57	9:57	11:25	13:25	14:53	16:53	18:24	20:17	22:00											
108번	충대농대	낭월차고지	평일	동인(☎ 285-8100) 	12	1:20	2023.03.17.	17	6:44	8:10	10:09	11:37	13:37	15:05	17:05	18:36	20:29	22:15											
108번	충대농대	낭월차고지	평일	동인(☎ 285-8100) 	12	1:20	2023.03.17.	18	6:53	8:23	10:21	11:49	13:49	15:17	17:17	18:48	20:40	22:30											
